Date,Close,AdjClose,Dividend
2025-01-02,53.7300,48.8420,0.7900
2025-01-03,54.0000,49.0875,0.0000
2025-01-06,54.7100,49.7329,0.0000
2025-01-07,54.9800,49.9783,0.0000
2025-01-08,55.1600,50.1419,0.0000
2025-01-09,55.3000,50.2692,0.0000
2025-01-10,55.2500,50.2238,0.0000
2025-01-13,55.9200,50.8328,0.0000
2025-01-14,55.6000,50.5419,0.0000
2025-01-15,55.9300,50.8419,0.0000
2025-01-16,57.3800,52.1600,0.0000
2025-01-17,57.4700,52.2418,0.0000
2025-01-20,57.1700,51.9691,0.0000
2025-01-21,56.6400,51.4873,0.0000
2025-01-22,56.3800,51.2509,0.0000
2025-01-23,56.1400,51.0328,0.0000
2025-01-24,55.8400,50.7601,0.0000
2025-01-27,55.6900,50.6237,0.0000
2025-01-28,55.7500,50.6783,0.0000
2025-01-29,55.8000,50.7237,0.0000
2025-01-30,56.1600,51.0510,0.0000
2025-01-31,56.3900,51.2600,0.0000
2025-02-03,55.9700,50.8783,0.0000
2025-02-04,57.0200,51.8327,0.0000
2025-02-05,58.0100,52.7327,0.0000
2025-02-06,58.6100,53.2781,0.0000
2025-02-07,58.8800,53.5235,0.0000
2025-02-10,58.6200,53.2872,0.0000
2025-02-11,58.8600,53.5053,0.0000
2025-02-12,59.0100,53.6417,0.0000
2025-02-13,58.7000,53.3599,0.0000
2025-02-14,58.8800,53.5235,0.0000
2025-02-17,58.9000,53.5417,0.0000
2025-02-18,59.0900,53.7144,0.0000
2025-02-19,58.7100,53.3690,0.0000
2025-02-20,58.8200,53.4690,0.0000
2025-02-21,58.1200,52.8327,0.0000
2025-02-24,58.0600,52.7781,0.0000
2025-02-25,57.4700,52.2418,0.0000
2025-02-26,57.7600,52.5054,0.0000
2025-02-27,57.8200,52.5600,0.0000
2025-02-28,57.7800,52.5236,0.0000
2025-03-03,58.1700,52.8781,0.0000
2025-03-04,56.6100,51.4600,0.0000
2025-03-05,55.9800,50.8873,0.0000
2025-03-06,56.3200,51.1964,0.0000
2025-03-07,56.5400,51.3964,0.0000
2025-03-10,56.4000,51.2691,0.0000
2025-03-11,56.1400,51.0328,0.0000
2025-03-12,56.6300,51.4782,0.0000
2025-03-13,57.1800,51.9782,0.0000
2025-03-14,57.4900,52.2600,0.0000
2025-03-17,57.5500,52.3145,0.0000
2025-03-18,57.9700,52.6963,0.0000
2025-03-19,58.8100,53.4599,0.0000
2025-03-20,58.8700,53.5144,0.0000
2025-03-21,58.4000,53.0872,0.0000
2025-03-24,57.9600,52.6872,0.0000
2025-03-25,59.3500,53.9508,0.0000
2025-03-26,60.4100,55.6551,0.7900
2025-03-27,60.5100,55.7473,0.0000
2025-03-28,59.2100,54.5496,0.0000
2025-03-31,59.6600,54.9642,0.0000
2025-04-01,59.4900,54.8076,0.0000
2025-04-02,59.4100,54.7339,0.0000
2025-04-03,56.6000,52.1450,0.0000
2025-04-04,53.0700,48.8929,0.0000
2025-04-07,50.2900,46.3317,0.0000
2025-04-08,50.4500,46.4791,0.0000
2025-04-09,48.2550,44.4569,0.0000
2025-04-10,49.5150,45.6177,0.0000
2025-04-11,48.6650,44.8346,0.0000
2025-04-14,50.2200,46.2672,0.0000
2025-04-15,50.6100,46.6265,0.0000
2025-04-16,51.6800,47.6123,0.0000
2025-04-17,51.6500,47.5846,0.0000
2025-04-22,51.8700,47.7873,0.0000
2025-04-23,51.9900,47.8979,0.0000
2025-04-24,52.1500,48.0453,0.0000
2025-04-25,52.7600,48.6073,0.0000
2025-04-28,52.9200,48.7547,0.0000
2025-04-29,52.3500,48.2296,0.0000
2025-04-30,51.1600,47.1332,0.0000
2025-05-02,50.8600,46.8568,0.0000
2025-05-05,50.5100,46.5344,0.0000
2025-05-06,51.0600,47.0411,0.0000
2025-05-07,50.7500,46.7555,0.0000
2025-05-08,51.0500,47.0319,0.0000
2025-05-09,51.8900,47.8058,0.0000
2025-05-12,53.0700,48.8929,0.0000
2025-05-13,53.4100,49.2061,0.0000
2025-05-14,53.1100,48.9297,0.0000
2025-05-15,52.8600,48.6994,0.0000
2025-05-16,53.2300,49.0403,0.0000
2025-05-19,52.8800,48.7178,0.0000
2025-05-20,53.0100,48.8376,0.0000
2025-05-21,52.3200,48.2019,0.0000
2025-05-22,51.5000,47.4464,0.0000
2025-05-23,50.9700,46.9582,0.0000
2025-05-26,51.7800,47.7044,0.0000
2025-05-27,51.5400,47.4833,0.0000
2025-05-28,51.6400,47.5754,0.0000
2025-05-29,51.4100,47.3635,0.0000
2025-05-30,51.6600,47.5939,0.0000
2025-06-02,52.6800,48.5336,0.0000
2025-06-03,53.0300,48.8560,0.0000
2025-06-04,52.2700,48.1558,0.0000
2025-06-05,51.8700,47.7873,0.0000
2025-06-06,52.3000,48.1835,0.0000
2025-06-09,52.3300,48.2111,0.0000
2025-06-10,53.5900,49.3720,0.0000
2025-06-11,53.5500,49.3351,0.0000
2025-06-12,54.7400,50.4314,0.0000
2025-06-13,54.8000,50.4867,0.0000
2025-06-16,54.5200,50.2287,0.0000
2025-06-17,55.5100,51.1408,0.0000
2025-06-18,54.6000,50.3024,0.0000
2025-06-19,54.9000,51.3787,0.8500
2025-06-20,54.6600,51.1541,0.0000
2025-06-23,54.2800,50.7985,0.0000
2025-06-24,52.5000,49.1326,0.0000
2025-06-25,52.2800,48.9267,0.0000
2025-06-26,52.5100,49.1420,0.0000
2025-06-27,52.5200,49.1513,0.0000
2025-06-30,52.1000,48.7583,0.0000
2025-07-01,52.3500,48.9922,0.0000
2025-07-02,53.3800,49.9562,0.0000
2025-07-03,53.3700,49.9468,0.0000
2025-07-04,52.9700,49.5725,0.0000
2025-07-07,51.7900,48.4682,0.0000
2025-07-08,52.8400,49.4508,0.0000
2025-07-09,53.2800,49.8626,0.0000
2025-07-10,53.5000,50.0685,0.0000
2025-07-11,53.8700,50.4148,0.0000
2025-07-14,53.3400,49.9187,0.0000
2025-07-15,53.4800,50.0498,0.0000
2025-07-16,53.0900,49.6848,0.0000
2025-07-17,52.9700,49.5725,0.0000
2025-07-18,53.1500,49.7409,0.0000
2025-07-21,52.8600,49.4695,0.0000
2025-07-22,52.8000,49.4134,0.0000
2025-07-23,53.3400,49.9187,0.0000
2025-07-24,51.4600,48.1593,0.0000
2025-07-25,51.3300,48.0377,0.0000
2025-07-28,52.4000,49.0390,0.0000
2025-07-29,52.5300,49.1607,0.0000
2025-07-30,52.2900,48.9361,0.0000
2025-07-31,52.0200,48.6834,0.0000
2025-08-01,51.0700,47.7943,0.0000
2025-08-04,51.5800,48.2716,0.0000
2025-08-05,51.9000,48.5711,0.0000
2025-08-06,52.5000,49.1326,0.0000
2025-08-07,52.3800,49.0203,0.0000
2025-08-08,52.7100,49.3292,0.0000
2025-08-11,52.5200,49.1513,0.0000
2025-08-12,53.1700,49.7597,0.0000
2025-08-13,52.5100,49.1420,0.0000
2025-08-14,52.5700,49.1981,0.0000
2025-08-15,53.4700,50.0404,0.0000
2025-08-18,53.0200,49.6193,0.0000
2025-08-19,53.7000,50.2557,0.0000
2025-08-20,54.0100,50.5458,0.0000
2025-08-21,54.2900,50.8078,0.0000
2025-08-22,54.6300,51.1260,0.0000
2025-08-25,54.1000,50.6300,0.0000
2025-08-26,52.9100,49.5163,0.0000
2025-08-27,53.2100,49.7971,0.0000
2025-08-28,53.1000,49.6941,0.0000
2025-08-29,53.5000,50.0685,0.0000
2025-09-01,53.4500,50.0217,0.0000
2025-09-02,53.5300,50.0966,0.0000
2025-09-03,52.7800,49.3947,0.0000
2025-09-04,52.7600,49.3759,0.0000
2025-09-05,51.8200,48.4962,0.0000
2025-09-08,51.9000,48.5711,0.0000
2025-09-09,52.7400,49.3572,0.0000
2025-09-10,52.7600,49.3759,0.0000
2025-09-11,52.1900,48.8425,0.0000
2025-09-12,52.1200,48.7770,0.0000
2025-09-15,52.5800,49.2075,0.0000
2025-09-16,52.4300,49.0671,0.0000
2025-09-17,51.7300,48.4120,0.0000
2025-09-18,52.0300,48.6928,0.0000
2025-09-19,51.5700,48.2623,0.0000
2025-09-22,51.7300,48.4120,0.0000
2025-09-23,52.3900,49.0297,0.0000
2025-09-24,53.5000,50.0685,0.0000
2025-09-25,53.3800,49.9562,0.0000
2025-09-26,54.2500,50.7704,0.0000
2025-09-29,53.0500,49.6474,0.0000
2025-09-30,51.7300,48.4120,0.0000
2025-10-01,51.5900,49.0876,0.8500
2025-10-02,50.9800,48.5072,0.0000
2025-10-03,51.0600,48.5833,0.0000
2025-10-06,51.3100,48.8212,0.0000
2025-10-07,50.8700,48.4025,0.0000
2025-10-08,51.1200,48.6404,0.0000
2025-10-09,51.1400,48.6594,0.0000
2025-10-10,50.0000,47.5747,0.0000
2025-10-13,49.8450,47.4272,0.0000
2025-10-14,50.2500,47.8126,0.0000
2025-10-15,52.1100,49.5824,0.0000
2025-10-16,52.5700,50.0200,0.0000
2025-10-17,52.7100,50.1533,0.0000
2025-10-20,52.5000,49.9534,0.0000
2025-10-21,52.6500,50.0962,0.0000
2025-10-22,53.0300,50.4577,0.0000
2025-10-23,54.1000,51.4758,0.0000
2025-10-24,53.9100,51.2950,0.0000
2025-10-27,53.7700,51.1618,0.0000
2025-10-28,53.4800,50.8859,0.0000
2025-10-29,54.1400,51.5139,0.0000
2025-10-30,53.6400,51.0381,0.0000
2025-10-31,53.9500,51.3331,0.0000
2025-11-03,53.7900,51.1809,0.0000
2025-11-04,53.6000,51.0001,0.0000
2025-11-05,53.6800,51.0762,0.0000
2025-11-06,53.2400,50.6575,0.0000
2025-11-07,53.5800,50.9811,0.0000
2025-11-10,54.0400,51.4187,0.0000
2025-11-11,55.3400,52.6557,0.0000
2025-11-12,55.3000,52.6176,0.0000
2025-11-13,56.1900,53.4644,0.0000
2025-11-14,56.2300,53.5025,0.0000
2025-11-17,56.5300,53.7880,0.0000
2025-11-18,55.4700,52.7794,0.0000
2025-11-19,55.4000,52.7128,0.0000
2025-11-20,55.6700,52.9697,0.0000
2025-11-21,55.9700,53.2551,0.0000
2025-11-24,55.8900,53.1790,0.0000
2025-11-25,56.1700,53.4454,0.0000
2025-11-26,56.6600,53.9117,0.0000
2025-11-27,56.4500,53.7118,0.0000
2025-11-28,56.8000,54.0449,0.0000
2025-12-01,56.7100,53.9592,0.0000
2025-12-02,56.5200,53.7784,0.0000
2025-12-03,57.0400,54.2732,0.0000
2025-12-04,57.1800,54.4064,0.0000
2025-12-05,56.4000,53.6643,0.0000
2025-12-08,56.3200,53.5881,0.0000
2025-12-09,56.5100,53.7689,0.0000
2025-12-10,55.8200,53.1124,0.0000
2025-12-11,55.8400,53.1314,0.0000
2025-12-12,55.5900,52.8936,0.0000
2025-12-15,55.5000,52.8079,0.0000
2025-12-16,54.5000,51.8564,0.0000
2025-12-17,55.1300,52.4559,0.0000
2025-12-18,55.4300,52.7413,0.0000
2025-12-19,55.8100,53.1029,0.0000
2025-12-22,55.9400,53.2266,0.0000
2025-12-23,55.8500,53.1409,0.0000
2025-12-24,55.6100,52.9126,0.0000
2025-12-29,55.9500,53.2361,0.0000
2025-12-30,56.4000,53.6643,0.0000
2025-12-31,55.5900,53.7029,0.8500
